Id;DiaCaptura;PVP;PVP_Unidad_Medida;UltActualizacion
5325068;30/10/2019;2,69 €;26,90 € / el kilo;30/10/2019 01:50:39
5325086;29/10/2019;3,20 €;4,92 € / el kilo;30/10/2019 01:48:26
5325093;30/10/2019;3,99 €;7,98 € / el kilo;30/10/2019 01:50:39
5325091;30/10/2019;3,09 €;7,73 € / el kilo;30/10/2019 01:50:39
5325094;30/10/2019;2,85 €;21,92 € / el kilo;30/10/2019 01:50:40
5325090;30/10/2019;2,85 €;14,25 € / el kilo;30/10/2019 01:50:40
5325082;30/10/2019;2,79 €;13,95 € / el kilo;30/10/2019 01:50:40
5325069;30/10/2019;2,40 €;16,00 € / el kilo;30/10/2019 01:50:40
5325073;30/10/2019;2,20 €;22,00 € / el kilo;30/10/2019 01:50:40
5325079;29/10/2019;2,05 €;24,12 € / el kilo;30/10/2019 01:48:27
5325086;30/10/2019;3,20 €;4,92 € / el kilo;30/10/2019 01:50:39
5325079;30/10/2019;2,05 €;24,12 € / el kilo;30/10/2019 01:50:40
5325068;02/11/2019;2,69 €;26,90 € / el kilo;02/11/2019 14:28:27
5325071;02/11/2019;2,80 €;28,00 € / el kilo;02/11/2019 14:28:27
5325086;02/11/2019;3,20 €;4,92 € / el kilo;02/11/2019 14:28:27
5325093;02/11/2019;3,99 €;7,98 € / el kilo;02/11/2019 14:28:27
5325087;02/11/2019;3,75 €;9,38 € / el kilo;02/11/2019 14:28:27
5325091;02/11/2019;3,09 €;7,73 € / el kilo;02/11/2019 14:28:27
5325094;02/11/2019;2,85 €;21,92 € / el kilo;02/11/2019 14:28:28
5325067;02/11/2019;2,99 €;29,90 € / el kilo;02/11/2019 14:28:28
5325090;02/11/2019;2,85 €;14,25 € / el kilo;02/11/2019 14:28:28
5325082;02/11/2019;2,79 €;13,95 € / el kilo;02/11/2019 14:28:28
5325069;02/11/2019;2,40 €;16,00 € / el kilo;02/11/2019 14:28:28
5325073;02/11/2019;2,20 €;22,00 € / el kilo;02/11/2019 14:28:28
5325079;02/11/2019;2,05 €;24,12 € / el kilo;02/11/2019 14:28:28
7801010;02/11/2019;1,12 €;2,24 € / el kilo;02/11/2019 14:25:08
7841010;02/11/2019;1,35 €;4,50 € / el kilo;02/11/2019 14:25:08
7855500;02/11/2019;1,69 €;2,11 € / el kilo;02/11/2019 14:25:08
7891010;02/11/2019;1,65 €;3,30 € / el kilo;02/11/2019 14:25:08
7887910;02/11/2019;1,50 €;3,75 € / el kilo;02/11/2019 14:25:08
7803193;02/11/2019;0,39 €;4,33 € / el kilo;02/11/2019 14:25:08
9856060;02/11/2019;1,20 €;4,80 € / el kilo;02/11/2019 14:25:08
7803129;02/11/2019;3,49 €;3,49 €;02/11/2019 14:25:09
7803100;02/11/2019;1,25 €;6,25 € / el kilo;02/11/2019 14:25:09
7803212;02/11/2019;0,90 €;4,50 € / el kilo;02/11/2019 14:25:09
7803189;02/11/2019;2,19 €;4,38 € / el kilo;02/11/2019 14:25:09
7803229;02/11/2019;4,49 €;4,49 €;02/11/2019 14:25:09
7803191;02/11/2019;0,39 €;5,20 € / el kilo;02/11/2019 14:25:09
7803187;02/11/2019;4,99 €;90,73 € / el kilo;02/11/2019 14:25:09
7802145;02/11/2019;1,49 €;11,46 € / el kilo;02/11/2019 14:25:09
7837025;02/11/2019;1,04 €;2,60 € / el kilo;02/11/2019 14:25:09
7814010;02/11/2019;0,75 €;0,75 €;02/11/2019 14:25:09
7887186;02/11/2019;0,95 €;1,90 € / el kilo;02/11/2019 14:25:10
7810500;02/11/2019;1,99 €;1,99 €;02/11/2019 14:25:10
7860500;02/11/2019;1,15 €;1,15 €;02/11/2019 14:25:10
7887193;02/11/2019;1,29 €;1,29 €;02/11/2019 14:25:10
7853094;02/11/2019;0,79 €;3,16 € / el kilo;02/11/2019 14:25:10
7887192;02/11/2019;0,99 €;0,99 €;02/11/2019 14:25:10
7887120;02/11/2019;0,89 €;0,89 €;02/11/2019 14:25:10
7887191;02/11/2019;1,20 €;1,20 €;02/11/2019 14:25:10
7805010;02/11/2019;2,35 €;2,35 €;02/11/2019 14:25:11
7806010;02/11/2019;1,20 €;1,20 €;02/11/2019 14:25:11
7877098;02/11/2019;0,99 €;1,98 € / el kilo;02/11/2019 14:25:11
7877094;02/11/2019;0,75 €;5,00 € / el kilo;02/11/2019 14:25:11
7877097;02/11/2019;1,80 €;1,80 €;02/11/2019 14:25:11
7877010;02/11/2019;1,65 €;3,67 € / el kilo;02/11/2019 14:25:11
7888504;02/11/2019;1,49 €;3,72 € / el kilo;02/11/2019 14:25:11
7819050;02/11/2019;1,60 €;1,60 € / el kilo;02/11/2019 14:25:11
7817039;02/11/2019;0,62 €;0,62 €;02/11/2019 14:25:11
7817136;02/11/2019;1,50 €;1,50 € / el kilo;02/11/2019 14:25:12
7817090;02/11/2019;1,69 €;0,85 € / el kilo;02/11/2019 14:25:12
7817012;02/11/2019;0,90 €;3,60 € / el kilo;02/11/2019 14:25:12
7817010;02/11/2019;1,35 €;1,35 €;02/11/2019 14:25:12
7817081;02/11/2019;2,10 €;3,00 € / el kilo;02/11/2019 14:25:12
7817087;02/11/2019;1,99 €;1,99 €;02/11/2019 14:25:12
7817910;02/11/2019;1,15 €;4,60 € / el kilo;02/11/2019 14:25:12
7817078;02/11/2019;0,55 €;1,10 € / el kilo;02/11/2019 14:25:12
7817034;02/11/2019;0,75 €;0,75 € / el kilo;02/11/2019 14:25:12
7837034;02/11/2019;0,85 €;0,85 €;02/11/2019 14:25:13
7854010;02/11/2019;1,09 €;2,42 € / el kilo;02/11/2019 14:25:13
7854098;02/11/2019;1,55 €;3,88 € / el kilo;02/11/2019 14:25:13
7856982;02/11/2019;1,00 €;18,18 € / el kilo;02/11/2019 14:25:13
7856990;02/11/2019;2,43 €;24,30 € / el kilo;02/11/2019 14:25:13
9886816;02/11/2019;1,89 €;18,90 € / el kilo;02/11/2019 14:25:13
7894223;02/11/2019;2,99 €;14,95 € / el kilo;02/11/2019 14:25:13
7894211;02/11/2019;2,79 €;39,86 € / el kilo;02/11/2019 14:25:13
7827110;02/11/2019;1,09 €;3,11 € / el kilo;02/11/2019 14:25:14
7853098;02/11/2019;2,25 €;6,43 € / el kilo;02/11/2019 14:25:14
7853097;02/11/2019;1,60 €;3,20 € / el kilo;02/11/2019 14:25:14
7837016;02/11/2019;1,09 €;5,45 € / el kilo;02/11/2019 14:25:14
7853030;02/11/2019;1,05 €;3,00 € / el kilo;02/11/2019 14:25:14
7853010;02/11/2019;0,75 €;3,00 € / el kilo;02/11/2019 14:25:14
7853050;02/11/2019;0,75 €;3,00 € / el kilo;02/11/2019 14:25:14
7853051;02/11/2019;0,69 €;2,76 € / el kilo;02/11/2019 14:25:14
7853040;02/11/2019;1,15 €;3,54 € / el kilo;02/11/2019 14:25:14
7853084;02/11/2019;0,75 €;2,50 € / el kilo;02/11/2019 14:25:15
7883020;02/11/2019;0,79 €;1,58 € / el kilo;02/11/2019 14:25:15
7883098;02/11/2019;1,50 €;3,75 € / el kilo;02/11/2019 14:25:15
9263013;02/11/2019;1,59 €;10,60 € / el kilo;02/11/2019 14:25:15
9263080;02/11/2019;1,59 €;7,95 € / el kilo;02/11/2019 14:25:15
7889075;02/11/2019;1,45 €;6,59 € / el kilo;02/11/2019 14:25:15
7829018;02/11/2019;2,59 €;2,59 €;02/11/2019 14:25:15
7829020;02/11/2019;1,25 €;5,00 € / el kilo;02/11/2019 14:25:15
7829010;02/11/2019;1,17 €;3,90 € / el kilo;02/11/2019 14:25:15
7829093;02/11/2019;1,90 €;11,52 € / el kilo;02/11/2019 14:25:16
7829094;02/11/2019;1,75 €;7,00 € / el kilo;02/11/2019 14:25:16
7840500;02/11/2019;1,28 €;2,84 € / el kilo;02/11/2019 14:25:16
7885671;02/11/2019;4,35 €;14,50 € / el kilo;02/11/2019 14:25:16
7885673;02/11/2019;1,99 €;13,27 € / el kilo;02/11/2019 14:25:16
7885699;02/11/2019;9,25 €;9,25 €;02/11/2019 14:25:16
7885624;02/11/2019;2,49 €;6,23 € / el kilo;02/11/2019 14:25:16
7885622;02/11/2019;1,39 €;6,95 € / el kilo;02/11/2019 14:25:16
7885628;02/11/2019;4,99 €;4,99 €;02/11/2019 14:25:17
7843098;02/11/2019;2,56 €;8,00 € / el kilo;02/11/2019 14:25:17
7843093;02/11/2019;9,25 €;9,25 €;02/11/2019 14:25:17
7843097;02/11/2019;3,99 €;19,95 € / el kilo;02/11/2019 14:25:17
7845089;02/11/2019;1,80 €;3,60 € / el kilo;02/11/2019 14:25:17
7845090;02/11/2019;1,86 €;3,72 € / el kilo;02/11/2019 14:25:17
7849089;02/11/2019;3,49 €;3,49 €;02/11/2019 14:25:17
7809010;02/11/2019;1,50 €;1,50 €;02/11/2019 14:25:17
7837092;02/11/2019;2,25 €;2,25 €;02/11/2019 14:25:17
7813010;02/11/2019;1,29 €;1,29 €;02/11/2019 14:25:18
7865010;02/11/2019;1,20 €;1,20 €;02/11/2019 14:25:18
7873520;02/11/2019;1,50 €;3,75 € / el kilo;02/11/2019 14:25:18
7873559;02/11/2019;1,35 €;7,50 € / el kilo;02/11/2019 14:25:18
7873588;02/11/2019;2,25 €;2,25 €;02/11/2019 14:25:18
7873110;02/11/2019;1,79 €;1,79 €;02/11/2019 14:25:18
7873089;02/11/2019;1,99 €;1,99 €;02/11/2019 14:25:18
7873079;02/11/2019;2,17 €;2,17 €;02/11/2019 14:25:18
7873203;02/11/2019;1,29 €;2,58 € / el kilo;02/11/2019 14:25:19
7808010;02/11/2019;1,89 €;1,89 €;02/11/2019 14:25:19
9299030;02/11/2019;2,25 €;2,25 €;02/11/2019 14:25:19
7861082;02/11/2019;1,15 €;1,15 € / el kilo;02/11/2019 14:25:19
7861060;02/11/2019;3,69 €;1,23 € / el kilo;02/11/2019 14:25:19
7861101;02/11/2019;3,69 €;1,85 € / el kilo;02/11/2019 14:25:19
7861075;02/11/2019;3,75 €;1,25 € / el kilo;02/11/2019 14:25:19
7861105;02/11/2019;4,15 €;0,83 € / el kilo;02/11/2019 14:25:19
7861062;02/11/2019;5,20 €;1,30 € / el kilo;02/11/2019 14:25:19
7861059;02/11/2019;3,69 €;1,23 € / el kilo;02/11/2019 14:25:20
7861051;02/11/2019;3,69 €;1,23 € / el kilo;02/11/2019 14:25:20
7861033;02/11/2019;3,15 €;1,05 € / el kilo;02/11/2019 14:25:20
7861020;02/11/2019;0,53 €;0,53 €;02/11/2019 14:25:20
7894982;02/11/2019;1,00 €;3,33 € / el kilo;02/11/2019 14:25:20
7894952;02/11/2019;1,75 €;17,50 € / el kilo;02/11/2019 14:25:20
7894972;02/11/2019;1,75 €;17,50 € / el kilo;02/11/2019 14:25:20
7894963;02/11/2019;1,49 €;11,92 € / el kilo;02/11/2019 14:25:20
7894980;02/11/2019;1,00 €;6,67 € / el kilo;02/11/2019 14:25:21
7894967;02/11/2019;1,75 €;17,50 € / el kilo;02/11/2019 14:25:21
7894977;02/11/2019;0,99 €;7,92 € / el kilo;02/11/2019 14:25:21
7894979;02/11/2019;1,00 €;20,00 € / el kilo;02/11/2019 14:25:21
7894935;02/11/2019;1,69 €;13,52 € / el kilo;02/11/2019 14:25:21
7894971;02/11/2019;2,79 €;13,61 € / el kilo;02/11/2019 14:25:21
7894943;02/11/2019;2,79 €;13,61 € / el kilo;02/11/2019 14:25:21
7894954;02/11/2019;2,89 €;16,06 € / el kilo;02/11/2019 14:25:21
7894965;02/11/2019;2,89 €;9,03 € / el kilo;02/11/2019 14:25:22
7894974;02/11/2019;0,60 €;2,40 € / el kilo;02/11/2019 14:25:22
7894949;02/11/2019;1,99 €;11,37 € / el kilo;02/11/2019 14:25:22
7894973;02/11/2019;0,99 €;5,66 € / el kilo;02/11/2019 14:25:22
7894937;02/11/2019;1,99 €;13,27 € / el kilo;02/11/2019 14:25:22
7894964;02/11/2019;1,99 €;19,90 € / el kilo;02/11/2019 14:25:22
7894976;02/11/2019;0,99 €;9,90 € / el kilo;02/11/2019 14:25:22
7894934;02/11/2019;1,39 €;9,27 € / el kilo;02/11/2019 14:25:22
7894981;02/11/2019;1,25 €;8,33 € / el kilo;02/11/2019 14:25:22
7894968;02/11/2019;1,45 €;9,67 € / el kilo;02/11/2019 14:25:23
7894975;02/11/2019;0,99 €;4,95 € / el kilo;02/11/2019 14:25:23
7894983;02/11/2019;1,00 €;3,33 € / el kilo;02/11/2019 14:25:23
7894984;02/11/2019;0,79 €;3,16 € / el kilo;02/11/2019 14:25:23
7971174;02/11/2019;1,15 €;28,75 € / el kilo;02/11/2019 14:25:23
7971176;02/11/2019;1,15 €;28,75 € / el kilo;02/11/2019 14:25:23
7971175;02/11/2019;1,15 €;28,75 € / el kilo;02/11/2019 14:25:23
7971182;02/11/2019;1,15 €;28,75 € / el kilo;02/11/2019 14:25:23
7971177;02/11/2019;1,15 €;28,75 € / el kilo;02/11/2019 14:25:24
7869010;02/11/2019;0,50 €;10,00 € / el kilo;02/11/2019 14:25:24
7889030;02/11/2019;1,09 €;1,09 €;02/11/2019 14:25:24
7889010;02/11/2019;2,40 €;2,40 €;02/11/2019 14:25:24
7889068;02/11/2019;3,95 €;3,95 €;02/11/2019 14:25:24
7889130;02/11/2019;0,74 €;2,96 € / el kilo;02/11/2019 14:25:24
9878068;02/11/2019;1,99 €;3,98 € / el kilo;02/11/2019 14:25:24
7889120;02/11/2019;2,19 €;2,19 €;02/11/2019 14:25:25
7889050;02/11/2019;1,59 €;1,59 €;02/11/2019 14:25:25
7889095;02/11/2019;2,95 €;2,95 €;02/11/2019 14:25:25
7889058;02/11/2019;4,20 €;4,20 €;02/11/2019 14:25:25
7889071;02/11/2019;3,95 €;3,95 €;02/11/2019 14:25:25
7889059;02/11/2019;2,99 €;2,99 €;02/11/2019 14:25:25
7889089;02/11/2019;1,95 €;1,95 €;02/11/2019 14:25:25
7889097;02/11/2019;2,99 €;2,99 €;02/11/2019 14:25:25
9887121;02/11/2019;0,69 €;0,69 € / el kilo;02/11/2019 14:25:26
7893115;02/11/2019;1,39 €;1,39 €;02/11/2019 14:25:26
7893196;02/11/2019;2,10 €;2,80 € / el kilo;02/11/2019 14:25:26
7893125;02/11/2019;1,75 €;2,19 € / el kilo;02/11/2019 14:25:26
9299026;02/11/2019;3,75 €;3,75 €;02/11/2019 14:25:26
5325068;04/11/2019;2,69 €;26,90 € / el kilo;04/11/2019 00:07:13
5325071;04/11/2019;2,80 €;28,00 € / el kilo;04/11/2019 00:07:13
5325086;04/11/2019;3,20 €;4,92 € / el kilo;04/11/2019 00:07:13
5325093;04/11/2019;3,99 €;7,98 € / el kilo;04/11/2019 00:07:13
5325087;04/11/2019;3,75 €;9,38 € / el kilo;04/11/2019 00:07:13
5325091;04/11/2019;3,09 €;7,73 € / el kilo;04/11/2019 00:07:14
5325094;04/11/2019;2,85 €;21,92 € / el kilo;04/11/2019 00:07:14
5325067;04/11/2019;2,99 €;29,90 € / el kilo;04/11/2019 00:07:14
5325090;04/11/2019;2,85 €;14,25 € / el kilo;04/11/2019 00:07:14
5325082;04/11/2019;2,79 €;13,95 € / el kilo;04/11/2019 00:07:14
5325069;04/11/2019;2,40 €;16,00 € / el kilo;04/11/2019 00:07:14
5325073;04/11/2019;2,20 €;22,00 € / el kilo;04/11/2019 00:07:14
5325079;04/11/2019;2,05 €;24,12 € / el kilo;04/11/2019 00:07:14
5325068;05/11/2019;2,69 €;26,90 € / el kilo;05/11/2019 00:26:28
5325071;05/11/2019;2,80 €;28,00 € / el kilo;05/11/2019 00:26:28
5325086;05/11/2019;3,20 €;4,92 € / el kilo;05/11/2019 00:26:28
5325093;05/11/2019;3,99 €;7,98 € / el kilo;05/11/2019 00:26:28
5325087;05/11/2019;3,75 €;9,38 € / el kilo;05/11/2019 00:26:28
5325091;05/11/2019;3,09 €;7,73 € / el kilo;05/11/2019 00:26:28
5325094;05/11/2019;2,85 €;21,92 € / el kilo;05/11/2019 00:26:29
5325067;05/11/2019;2,99 €;29,90 € / el kilo;05/11/2019 00:26:29
5325090;05/11/2019;2,85 €;14,25 € / el kilo;05/11/2019 00:26:29
5325082;05/11/2019;2,79 €;13,95 € / el kilo;05/11/2019 00:26:29
5325069;05/11/2019;2,40 €;16,00 € / el kilo;05/11/2019 00:26:29
5325073;05/11/2019;2,20 €;22,00 € / el kilo;05/11/2019 00:26:29
5325079;05/11/2019;2,05 €;24,12 € / el kilo;05/11/2019 00:26:29
5230666;05/11/2019;6,99 €;4,99 € / el kilo;05/11/2019 00:56:03
5230667;05/11/2019;7,10 €;4,73 € / el kilo;05/11/2019 00:56:03
5230354;05/11/2019;5,85 €;1,46 € / el kilo;05/11/2019 00:56:03
5230640;05/11/2019;13,95 €;1,40 € / el kilo;05/11/2019 00:56:03
5230662;05/11/2019;17,95 €;6,41 € / el kilo;05/11/2019 00:56:03
5230312;05/11/2019;15,50 €;1,55 € / el kilo;05/11/2019 00:56:03
5230315;05/11/2019;5,35 €;1,78 € / el kilo;05/11/2019 00:56:03
5230314;05/11/2019;5,35 €;1,78 € / el kilo;05/11/2019 00:56:03
5230301;05/11/2019;3,95 €;2,63 € / el kilo;05/11/2019 00:56:03
5230664;05/11/2019;6,99 €;4,99 € / el kilo;05/11/2019 00:56:03
5230665;05/11/2019;6,99 €;4,99 € / el kilo;05/11/2019 00:56:04
5230310;05/11/2019;4,65 €;3,10 € / el kilo;05/11/2019 00:56:04
5230305;05/11/2019;2,95 €;3,69 € / el kilo;05/11/2019 00:56:04
5230307;05/11/2019;2,95 €;3,69 € / el kilo;05/11/2019 00:56:04
5230306;05/11/2019;2,95 €;3,69 € / el kilo;05/11/2019 00:56:04
5230675;05/11/2019;24,00 €;3,20 € / el kilo;05/11/2019 00:56:04
5230663;05/11/2019;5,45 €;3,63 € / el kilo;05/11/2019 00:56:04
5230303;05/11/2019;6,75 €;4,50 € / el kilo;05/11/2019 00:56:04
5230678;05/11/2019;6,95 €;4,63 € / el kilo;05/11/2019 00:56:04
5230330;05/11/2019;6,75 €;4,50 € / el kilo;05/11/2019 00:56:05
5230345;05/11/2019;13,95 €;1,40 € / el kilo;05/11/2019 00:56:05
5230671;05/11/2019;6,49 €;2,16 € / el kilo;05/11/2019 00:56:05
5230376;05/11/2019;6,49 €;2,16 € / el kilo;05/11/2019 00:56:05
5230320;05/11/2019;13,95 €;1,40 € / el kilo;05/11/2019 00:56:05
5230353;05/11/2019;19,40 €;1,29 € / el kilo;05/11/2019 00:56:05
5230685;05/11/2019;5,75 €;1,92 € / el kilo;05/11/2019 00:56:05
5230316;05/11/2019;3,89 €;2,59 € / el kilo;05/11/2019 00:56:05
5230699;05/11/2019;4,65 €;3,10 € / el kilo;05/11/2019 00:56:05
5230682;05/11/2019;11,95 €;3,98 € / el kilo;05/11/2019 00:56:05
5230686;05/11/2019;9,95 €;3,32 € / el kilo;05/11/2019 00:56:06
5230672;05/11/2019;11,90 €;3,97 € / el kilo;05/11/2019 00:56:06
5230653;05/11/2019;10,40 €;3,47 € / el kilo;05/11/2019 00:56:06
5230669;05/11/2019;10,40 €;3,47 € / el kilo;05/11/2019 00:56:06
5230681;05/11/2019;6,95 €;4,63 € / el kilo;05/11/2019 00:56:06
5230698;05/11/2019;3,35 €;0,84 € / el kilo;05/11/2019 00:56:06
5230692;05/11/2019;6,59 €;0,66 € / el kilo;05/11/2019 00:56:06
5230639;05/11/2019;5,85 €;1,46 € / el kilo;05/11/2019 00:56:06
5230631;05/11/2019;7,70 €;1,93 € / el kilo;05/11/2019 00:56:06
5230697;05/11/2019;10,49 €;0,52 € / el kilo;05/11/2019 00:56:07
5230693;05/11/2019;7,27 €;0,73 € / el kilo;05/11/2019 00:56:07
5230694;05/11/2019;3,85 €;0,96 € / el kilo;05/11/2019 00:56:07
5230676;05/11/2019;10,50 €;1,05 € / el kilo;05/11/2019 00:56:07
5230677;05/11/2019;15,95 €;1,06 € / el kilo;05/11/2019 00:56:07
5230372;05/11/2019;7,19 €;2,40 € / el kilo;05/11/2019 00:56:07
5230691;05/11/2019;2,82 €;0,56 € / el kilo;05/11/2019 00:56:07
5230668;05/11/2019;4,95 €;1,24 € / el kilo;05/11/2019 00:56:07
5230696;05/11/2019;2,99 €;1,50 € / el kilo;05/11/2019 00:56:07
5230670;05/11/2019;10,40 €;3,47 € / el kilo;05/11/2019 00:56:08
5230357;05/11/2019;5,45 €;3,63 € / el kilo;05/11/2019 00:56:08
5230673;05/11/2019;8,15 €;6,52 € / el kilo;05/11/2019 00:56:08
5230674;05/11/2019;14,25 €;4,75 € / el kilo;05/11/2019 00:56:08
1873689;05/11/2019;1,75 €;11,67 € / el kilo;05/11/2019 00:56:08
1873637;05/11/2019;1,15 €;1,15 €;05/11/2019 00:56:08
1873695;05/11/2019;1,90 €;15,08 € / el kilo;05/11/2019 00:56:08
1873649;05/11/2019;7,75 €;17,61 € / el kilo;05/11/2019 00:56:08
1873651;05/11/2019;1,45 €;7,25 € / el kilo;05/11/2019 00:56:08
1873675;05/11/2019;1,25 €;6,94 € / el kilo;05/11/2019 00:56:09
1873676;05/11/2019;1,25 €;7,14 € / el kilo;05/11/2019 00:56:09
1873644;05/11/2019;1,00 €;16,67 € / el kilo;05/11/2019 00:56:09
1873688;05/11/2019;1,75 €;3,50 € / el kilo;05/11/2019 00:56:09
1873656;05/11/2019;4,90 €;3,27 € / el kilo;05/11/2019 00:56:09
1873642;05/11/2019;2,95 €;42,14 € / el kilo;05/11/2019 00:56:09
1873657;05/11/2019;9,75 €;13,54 € / el kilo;05/11/2019 00:56:09
5230187;05/11/2019;2,45 €;13,61 € / el kilo;05/11/2019 00:56:09
1873662;05/11/2019;1,85 €;16,82 € / el kilo;05/11/2019 00:56:09
1873682;05/11/2019;1,29 €;18,43 € / el kilo;05/11/2019 00:56:09
1873648;05/11/2019;1,69 €;14,70 € / el kilo;05/11/2019 00:56:10
1873639;05/11/2019;1,69 €;14,70 € / el kilo;05/11/2019 00:56:10
1873643;05/11/2019;1,44 €;12,00 € / el kilo;05/11/2019 00:56:10
1873659;05/11/2019;1,85 €;26,43 € / el kilo;05/11/2019 00:56:10
1873650;05/11/2019;1,40 €;2,80 € / el kilo;05/11/2019 00:56:10
1873652;05/11/2019;1,29 €;2,58 € / el kilo;05/11/2019 00:56:10
1873653;05/11/2019;1,89 €;7,56 € / el kilo;05/11/2019 00:56:10
1873640;05/11/2019;3,15 €;11,67 € / el kilo;05/11/2019 00:56:10
1873638;05/11/2019;1,90 €;13,57 € / el kilo;05/11/2019 00:56:10
5230153;05/11/2019;2,25 €;5,63 € / el kilo;05/11/2019 00:56:20
5250099;05/11/2019;3,89 €;6,48 € / el kilo;05/11/2019 00:56:20
5230154;05/11/2019;2,45 €;6,13 € / el kilo;05/11/2019 00:56:21
5230152;05/11/2019;0,98 €;6,53 € / el kilo;05/11/2019 00:56:21
5230150;05/11/2019;2,45 €;8,17 € / el kilo;05/11/2019 00:56:21
5230151;05/11/2019;2,45 €;8,17 € / el kilo;05/11/2019 00:56:21
1873646;05/11/2019;1,82 €;4,55 € / el kilo;05/11/2019 00:56:21
5230528;05/11/2019;1,79 €;1,79 € / el kilo;05/11/2019 00:56:21
5230518;05/11/2019;1,79 €;1,79 € / el kilo;05/11/2019 00:56:21
5230155;05/11/2019;2,25 €;5,63 € / el kilo;05/11/2019 00:56:21
5230913;05/11/2019;2,50 €;3,13 € / el kilo;05/11/2019 00:56:21
5230164;05/11/2019;1,10 €;7,33 € / el kilo;05/11/2019 00:56:21
5230163;05/11/2019;1,00 €;6,67 € / el kilo;05/11/2019 00:56:22
5230168;05/11/2019;1,40 €;1,12 € / el kilo;05/11/2019 00:56:22
5230171;05/11/2019;0,89 €;1,11 € / el kilo;05/11/2019 00:56:22
5230157;05/11/2019;2,45 €;6,13 € / el kilo;05/11/2019 00:56:22
5230174;05/11/2019;1,00 €;6,67 € / el kilo;05/11/2019 00:56:22
5230177;05/11/2019;1,00 €;6,67 € / el kilo;05/11/2019 00:56:22
5230167;05/11/2019;0,59 €;1,97 € / el kilo;05/11/2019 00:56:22
5230166;05/11/2019;0,59 €;1,97 € / el kilo;05/11/2019 00:56:22
5230415;05/11/2019;1,36 €;4,53 € / el kilo;05/11/2019 00:56:22
5230416;05/11/2019;1,36 €;4,53 € / el kilo;05/11/2019 00:56:22
3003589;05/11/2019;1,36 €;4,53 € / el kilo;05/11/2019 00:56:23
5230162;05/11/2019;1,09 €;2,18 € / el kilo;05/11/2019 00:56:23
5230165;05/11/2019;0,50 €;3,33 € / el kilo;05/11/2019 00:56:23
5240343;05/11/2019;2,10 €;4,67 € / el kilo;05/11/2019 00:56:33
5240310;05/11/2019;3,95 €;4,94 € / el kilo;05/11/2019 00:56:33
5240314;05/11/2019;4,25 €;1,06 € / el kilo;05/11/2019 00:56:33
5240316;05/11/2019;2,19 €;1,10 € / el kilo;05/11/2019 00:56:33
5240317;05/11/2019;2,19 €;1,10 € / el kilo;05/11/2019 00:56:33
5240315;05/11/2019;4,25 €;1,06 € / el kilo;05/11/2019 00:56:33
5240308;05/11/2019;1,99 €;2,65 € / el kilo;05/11/2019 00:56:33
5240973;05/11/2019;7,99 €;2,66 € / el kilo;05/11/2019 00:56:33
5240330;05/11/2019;7,30 €;4,87 € / el kilo;05/11/2019 00:56:33
5240985;05/11/2019;3,50 €;2,33 € / el kilo;05/11/2019 00:56:34
5240395;05/11/2019;3,69 €;2,46 € / el kilo;05/11/2019 00:56:34
5240302;05/11/2019;3,50 €;4,38 € / el kilo;05/11/2019 00:56:34
5240322;05/11/2019;6,75 €;4,50 € / el kilo;05/11/2019 00:56:34
5240304;05/11/2019;3,50 €;4,38 € / el kilo;05/11/2019 00:56:34
5240320;05/11/2019;6,75 €;4,50 € / el kilo;05/11/2019 00:56:34
5240363;05/11/2019;3,95 €;4,94 € / el kilo;05/11/2019 00:56:34
5240328;05/11/2019;7,30 €;4,87 € / el kilo;05/11/2019 00:56:34
5240306;05/11/2019;2,09 €;5,23 € / el kilo;05/11/2019 00:56:34
5240312;05/11/2019;7,35 €;4,90 € / el kilo;05/11/2019 00:56:35
5240639;05/11/2019;4,00 €;2,67 € / el kilo;05/11/2019 00:56:35
5240369;05/11/2019;7,85 €;1,96 € / el kilo;05/11/2019 00:56:35
5240649;05/11/2019;4,00 €;2,67 € / el kilo;05/11/2019 00:56:35
5240370;05/11/2019;7,85 €;1,96 € / el kilo;05/11/2019 00:56:35
5240996;05/11/2019;3,95 €;4,94 € / el kilo;05/11/2019 00:56:35
5240992;05/11/2019;7,30 €;4,87 € / el kilo;05/11/2019 00:56:35
5240380;05/11/2019;3,50 €;2,33 € / el kilo;05/11/2019 00:56:35
5240368;05/11/2019;7,75 €;1,94 € / el kilo;05/11/2019 00:56:35
5240399;05/11/2019;7,75 €;1,94 € / el kilo;05/11/2019 00:56:36
5240379;05/11/2019;3,50 €;2,33 € / el kilo;05/11/2019 00:56:36
5240993;05/11/2019;6,75 €;4,50 € / el kilo;05/11/2019 00:56:36
5240389;05/11/2019;4,00 €;5,00 € / el kilo;05/11/2019 00:56:36
5240990;05/11/2019;7,25 €;4,83 € / el kilo;05/11/2019 00:56:36
5240386;05/11/2019;3,95 €;4,94 € / el kilo;05/11/2019 00:56:36
5240998;05/11/2019;2,09 €;5,23 € / el kilo;05/11/2019 00:56:36
5240333;05/11/2019;3,95 €;4,94 € / el kilo;05/11/2019 00:56:36
5240387;05/11/2019;4,00 €;5,00 € / el kilo;05/11/2019 00:56:36
5240994;05/11/2019;2,95 €;7,38 € / el kilo;05/11/2019 00:56:36
5240995;05/11/2019;2,85 €;3,56 € / el kilo;05/11/2019 00:56:37
8890597;05/11/2019;1,10 €;18,33 € / el kilo;05/11/2019 00:56:37
8890553;05/11/2019;1,60 €;1,60 €;05/11/2019 00:56:37
1873684;05/11/2019;1,95 €;32,50 € / el kilo;05/11/2019 00:56:37
2259304;05/11/2019;1,59 €;1,59 €;05/11/2019 00:56:37
8890579;05/11/2019;1,10 €;18,33 € / el kilo;05/11/2019 00:56:37
8890599;05/11/2019;1,40 €;23,33 € / el kilo;05/11/2019 00:56:37
5240129;05/11/2019;0,49 €;1,22 € / el kilo;05/11/2019 00:56:47
5240126;05/11/2019;1,25 €;3,13 € / el kilo;05/11/2019 00:56:47
5240131;05/11/2019;0,49 €;1,22 € / el kilo;05/11/2019 00:56:47
5240134;05/11/2019;2,29 €;7,63 € / el kilo;05/11/2019 00:56:48
5240132;05/11/2019;2,29 €;7,63 € / el kilo;05/11/2019 00:56:48
5240136;05/11/2019;2,25 €;6,62 € / el kilo;05/11/2019 00:56:48
5240988;05/11/2019;0,40 €;4,71 € / el kilo;05/11/2019 00:56:48
5240986;05/11/2019;0,40 €;4,71 € / el kilo;05/11/2019 00:56:48
5240115;05/11/2019;0,31 €;3,10 € / el kilo;05/11/2019 00:56:48
5240114;05/11/2019;0,31 €;3,10 € / el kilo;05/11/2019 00:56:48
5240128;05/11/2019;0,55 €;1,38 € / el kilo;05/11/2019 00:56:48
5240117;05/11/2019;0,31 €;3,10 € / el kilo;05/11/2019 00:56:48
5240118;05/11/2019;0,31 €;3,10 € / el kilo;05/11/2019 00:56:49
5240127;05/11/2019;0,55 €;1,38 € / el kilo;05/11/2019 00:56:49
5240135;05/11/2019;1,49 €;3,72 € / el kilo;05/11/2019 00:56:49
5240162;05/11/2019;1,85 €;4,63 € / el kilo;05/11/2019 00:56:49
5240335;05/11/2019;1,85 €;4,63 € / el kilo;05/11/2019 00:56:49
5240975;05/11/2019;1,89 €;4,72 € / el kilo;05/11/2019 00:56:49
5240977;05/11/2019;0,95 €;11,18 € / el kilo;05/11/2019 00:56:49
5240146;05/11/2019;1,49 €;3,72 € / el kilo;05/11/2019 00:56:49
5240147;05/11/2019;1,49 €;3,72 € / el kilo;05/11/2019 00:56:49
5240155;05/11/2019;1,49 €;3,72 € / el kilo;05/11/2019 00:56:50
5240148;05/11/2019;1,49 €;3,72 € / el kilo;05/11/2019 00:56:50
5240184;05/11/2019;1,20 €;14,12 € / el kilo;05/11/2019 00:56:50
5240183;05/11/2019;1,20 €;14,12 € / el kilo;05/11/2019 00:56:50
5240984;05/11/2019;0,65 €;7,65 € / el kilo;05/11/2019 00:56:50
4130216;05/11/2019;0,65 €;7,65 € / el kilo;05/11/2019 00:56:50
5240176;05/11/2019;4,39 €;6,46 € / el kilo;05/11/2019 00:56:50
4130214;05/11/2019;0,65 €;7,65 € / el kilo;05/11/2019 00:56:50
4130215;05/11/2019;0,65 €;7,65 € / el kilo;05/11/2019 00:56:50
5240950;05/11/2019;0,65 €;7,65 € / el kilo;05/11/2019 00:56:51
5240951;05/11/2019;0,65 €;7,65 € / el kilo;05/11/2019 00:56:51
5240102;05/11/2019;0,65 €;7,65 € / el kilo;05/11/2019 00:56:51
5240167;05/11/2019;2,25 €;6,62 € / el kilo;05/11/2019 00:56:51
5240103;05/11/2019;3,25 €;20,31 € / el kilo;05/11/2019 00:56:51
5240976;05/11/2019;0,95 €;11,18 € / el kilo;05/11/2019 00:56:51
5240979;05/11/2019;2,89 €;7,23 € / el kilo;05/11/2019 00:56:51
5240978;05/11/2019;3,15 €;7,87 € / el kilo;05/11/2019 00:56:51
5240144;05/11/2019;2,30 €;6,76 € / el kilo;05/11/2019 00:56:51
5240105;05/11/2019;2,30 €;6,76 € / el kilo;05/11/2019 00:56:51
5240981;05/11/2019;2,95 €;8,68 € / el kilo;05/11/2019 00:56:52
5240980;05/11/2019;2,95 €;8,68 € / el kilo;05/11/2019 00:56:52
5240982;05/11/2019;1,95 €;5,74 € / el kilo;05/11/2019 00:56:52
5240983;05/11/2019;1,95 €;5,74 € / el kilo;05/11/2019 00:56:52
4642288;05/11/2019;1,70 €;28,33 € / el kilo;05/11/2019 00:56:59
4642286;05/11/2019;1,74 €;3,48 € / el kilo;05/11/2019 00:56:59
4642282;05/11/2019;3,63 €;3,63 € / el kilo;05/11/2019 00:56:59
4642280;05/11/2019;1,70 €;28,33 € / el kilo;05/11/2019 00:56:59
4642284;05/11/2019;1,74 €;3,48 € / el kilo;05/11/2019 00:56:59
4642290;05/11/2019;2,54 €;25,40 € / el kilo;05/11/2019 00:57:00
4642292;05/11/2019;1,00 €;2,00 € / el kilo;05/11/2019 00:57:00
5250098;05/11/2019;2,99 €;55,37 € / el kilo;05/11/2019 00:57:06
4642386;05/11/2019;1,70 €;4,25 € / el kilo;05/11/2019 00:57:07
4642384;05/11/2019;3,74 €;3,74 € / el kilo;05/11/2019 00:57:07
4642387;05/11/2019;3,25 €;3,25 €;05/11/2019 00:57:07
4642385;05/11/2019;3,63 €;3,63 € / el kilo;05/11/2019 00:57:07
2251967;05/11/2019;1,03 €;0,21 € / el kilo;05/11/2019 00:57:14
2263151;05/11/2019;5,25 €;1,05 € / el litro;05/11/2019 00:57:14
2251251;05/11/2019;5,95 €;1,19 € / el litro;05/11/2019 00:57:14
2251966;05/11/2019;1,41 €;0,28 € / el kilo;05/11/2019 00:57:14
237761;05/11/2019;10,95 €;1,72 € / el kilo;05/11/2019 00:57:14
2261853;05/11/2019;4,99 €;1,19 € / el litro;05/11/2019 00:57:14
2261854;05/11/2019;4,50 €;0,90 € / el litro;05/11/2019 00:57:14
2263447;05/11/2019;1,00 €;0,04 € / la unidad;05/11/2019 00:57:21
2263594;05/11/2019;3,25 €;0,07 € / la unidad;05/11/2019 00:57:21
2262684;05/11/2019;1,95 €;1,95 €;05/11/2019 00:57:21
2264526;05/11/2019;3,25 €;13,00 € / el litro;05/11/2019 00:57:21
2264524;05/11/2019;2,95 €;9,83 € / el litro;05/11/2019 00:57:21
2264525;05/11/2019;4,95 €;6,60 € / el litro;05/11/2019 00:57:21
2264523;05/11/2019;2,95 €;11,80 € / el litro;05/11/2019 00:57:21
2262733;05/11/2019;3,25 €;0,16 € / la unidad;05/11/2019 00:57:21
7701397;05/11/2019;12,95 €;12,95 €;05/11/2019 01:04:10
7701571;05/11/2019;8,95 €;8,95 €;05/11/2019 01:04:10
7701611;05/11/2019;19,90 €;19,90 €;05/11/2019 01:04:10
7702302;05/11/2019;18,95 €;18,95 €;05/11/2019 01:04:10
7701565;05/11/2019;11,40 €;11,40 €;05/11/2019 01:04:10
7701521;05/11/2019;11,90 €;11,90 €;05/11/2019 01:04:11
7701193;05/11/2019;10,50 €;10,50 €;05/11/2019 01:04:11
7701021;05/11/2019;8,50 €;8,50 €;05/11/2019 01:04:11
7701001;05/11/2019;15,90 €;15,90 €;05/11/2019 01:04:11
7701084;05/11/2019;6,95 €;6,95 €;05/11/2019 01:04:11
7701241;05/11/2019;4,50 €;4,50 €;05/11/2019 01:04:11
7701066;05/11/2019;15,90 €;15,90 €;05/11/2019 01:04:11
7701062;05/11/2019;10,95 €;10,95 €;05/11/2019 01:04:11
7701096;05/11/2019;6,49 €;6,49 €;05/11/2019 01:04:11
9700512;05/11/2019;5,65 €;5,65 €;05/11/2019 01:04:11
7701231;05/11/2019;2,95 €;2,95 €;05/11/2019 01:04:12
7701221;05/11/2019;3,95 €;3,95 €;05/11/2019 01:04:12
7701171;05/11/2019;3,75 €;3,75 €;05/11/2019 01:04:12
7702196;05/11/2019;12,95 €;12,95 €;05/11/2019 01:04:12
7702197;05/11/2019;6,75 €;6,75 €;05/11/2019 01:04:12
7701997;05/11/2019;18,95 €;18,95 €;05/11/2019 01:04:12
7702283;05/11/2019;8,95 €;17,90 € / el kilo;05/11/2019 01:04:12
7702286;05/11/2019;10,95 €;10,95 €;05/11/2019 01:04:12
7702292;05/11/2019;9,95 €;9,95 €;05/11/2019 01:04:12
7702073;05/11/2019;10,99 €;10,99 €;05/11/2019 01:04:13
7701536;05/11/2019;10,95 €;10,95 €;05/11/2019 01:04:13
7702279;05/11/2019;3,15 €;21,00 € / el kilo;05/11/2019 01:04:13
7702074;05/11/2019;10,95 €;10,95 €;05/11/2019 01:04:13
9701469;05/11/2019;10,95 €;10,95 €;05/11/2019 01:04:13
7701431;05/11/2019;12,50 €;12,50 €;05/11/2019 01:04:13
7701443;05/11/2019;5,95 €;5,95 €;05/11/2019 01:04:13
7701901;05/11/2019;9,95 €;9,95 €;05/11/2019 01:04:13
7701410;05/11/2019;6,90 €;6,90 €;05/11/2019 01:04:13
7701440;05/11/2019;5,49 €;5,49 €;05/11/2019 01:04:14
7701691;05/11/2019;35,90 €;35,90 €;05/11/2019 01:04:14
7701711;05/11/2019;9,85 €;9,85 €;05/11/2019 01:04:14
7701712;05/11/2019;12,25 €;12,25 €;05/11/2019 01:04:14
7701681;05/11/2019;11,50 €;11,50 €;05/11/2019 01:04:14
7701673;05/11/2019;4,95 €;9,90 € / el kilo;05/11/2019 01:04:14
7701661;05/11/2019;8,95 €;8,95 €;05/11/2019 01:04:14
7701698;05/11/2019;2,99 €;2,99 €;05/11/2019 01:04:14
7701651;05/11/2019;2,00 €;2,00 €;05/11/2019 01:04:14
7701758;05/11/2019;6,95 €;39,71 € / el kilo;05/11/2019 01:04:15
7701473;05/11/2019;10,95 €;10,95 €;05/11/2019 01:04:15
7701472;05/11/2019;2,95 €;9,83 € / el kilo;05/11/2019 01:04:15
7701470;05/11/2019;2,99 €;9,97 € / el kilo;05/11/2019 01:04:15
7701491;05/11/2019;13,95 €;13,95 €;05/11/2019 01:04:15
7701911;05/11/2019;4,90 €;4,90 €;05/11/2019 01:04:15
7701574;05/11/2019;7,95 €;7,95 €;05/11/2019 01:04:15
7702339;05/11/2019;2,65 €;14,72 € / el kilo;05/11/2019 01:04:15
7702337;05/11/2019;4,95 €;13,75 € / el kilo;05/11/2019 01:04:15
7702384;05/11/2019;2,60 €;13,00 € / el kilo;05/11/2019 01:04:16
7702383;05/11/2019;4,95 €;12,38 € / el kilo;05/11/2019 01:04:16
7702343;05/11/2019;5,99 €;11,24 € / el kilo;05/11/2019 01:04:16
7702336;05/11/2019;2,89 €;7,61 € / el kilo;05/11/2019 01:04:16
7702393;05/11/2019;1,75 €;14,00 € / el kilo;05/11/2019 01:04:16
7702344;05/11/2019;1,77 €;5,90 € / el kilo;05/11/2019 01:04:16
7524064;05/11/2019;2,49 €;13,83 € / el kilo;05/11/2019 01:04:16
7701517;05/11/2019;3,15 €;25,20 € / el kilo;05/11/2019 01:04:16
7701518;05/11/2019;3,15 €;25,20 € / el kilo;05/11/2019 01:04:16
7702338;05/11/2019;5,99 €;27,23 € / el kilo;05/11/2019 01:04:17
7702340;05/11/2019;3,15 €;25,20 € / el kilo;05/11/2019 01:04:17
7702348;05/11/2019;1,99 €;9,95 € / el kilo;05/11/2019 01:04:17
7040551;05/11/2019;17,95 €;17,95 € / el kilo;05/11/2019 01:04:17
7010302;05/11/2019;15,45 €;15,45 €;05/11/2019 01:04:17
7040569;05/11/2019;6,60 €;13,20 € / el kilo;05/11/2019 01:04:17
2300098;05/11/2019;14,95 €;14,95 €;05/11/2019 01:04:17
6007020;05/11/2019;0,80 €;3,20 € / el kilo;05/11/2019 01:16:47
6007010;05/11/2019;0,45 €;4,50 € / el kilo;05/11/2019 01:16:47
6007372;05/11/2019;0,60 €;2,40 € / el kilo;05/11/2019 01:16:47
6007360;05/11/2019;0,60 €;2,61 € / el kilo;05/11/2019 01:16:48
6009230;05/11/2019;0,48 €;3,20 € / el kilo;05/11/2019 01:16:48
6009180;05/11/2019;0,45 €;7,50 € / el kilo;05/11/2019 01:16:48
6005095;05/11/2019;0,75 €;3,00 € / el kilo;05/11/2019 01:16:48
6009979;05/11/2019;1,43 €;5,96 € / el kilo;05/11/2019 01:16:48
6009252;05/11/2019;1,43 €;6,88 € / el kilo;05/11/2019 01:16:48
6007321;05/11/2019;0,63 €;6,30 € / el kilo;05/11/2019 01:16:48
6009149;05/11/2019;0,55 €;5,79 € / el kilo;05/11/2019 01:16:48
6072011;05/11/2019;3,25 €;6,50 € / el kilo;05/11/2019 01:16:48
9027072;05/11/2019;2,99 €;5,98 € / el kilo;05/11/2019 01:16:48
9401949;05/11/2019;2,99 €;5,98 € / el kilo;05/11/2019 01:16:49
9401950;05/11/2019;2,99 €;5,98 € / el kilo;05/11/2019 01:16:49
6072045;05/11/2019;3,25 €;6,50 € / el kilo;05/11/2019 01:16:49
6074463;05/11/2019;2,99 €;5,98 € / el kilo;05/11/2019 01:16:49
9401327;05/11/2019;3,25 €;6,50 € / el kilo;05/11/2019 01:16:49
9401908;05/11/2019;2,99 €;5,98 € / el kilo;05/11/2019 01:16:49
6072043;05/11/2019;3,25 €;6,50 € / el kilo;05/11/2019 01:16:49
9401948;05/11/2019;5,39 €;7,70 € / el kilo;05/11/2019 01:16:49
6082544;05/11/2019;1,89 €;4,20 € / el kilo;05/11/2019 01:16:59
6082542;05/11/2019;2,29 €;4,16 € / el kilo;05/11/2019 01:16:59
6082581;05/11/2019;1,52 €;6,08 € / el kilo;05/11/2019 01:16:59
6082557;05/11/2019;1,00 €;2,67 € / el kilo;05/11/2019 01:17:00
6082537;05/11/2019;2,29 €;5,09 € / el kilo;05/11/2019 01:17:00
6082564;05/11/2019;0,63 €;1,26 € / el kilo;05/11/2019 01:17:00
6082543;05/11/2019;2,64 €;8,80 € / el kilo;05/11/2019 01:17:00
6082541;05/11/2019;2,10 €;5,60 € / el kilo;05/11/2019 01:17:00
6082563;05/11/2019;1,30 €;2,89 € / el kilo;05/11/2019 01:17:00
6082540;05/11/2019;2,90 €;12,08 € / el kilo;05/11/2019 01:17:00
6080722;05/11/2019;1,89 €;4,11 € / el kilo;05/11/2019 01:17:00
6082575;05/11/2019;1,89 €;4,20 € / el kilo;05/11/2019 01:17:00
6082546;05/11/2019;1,89 €;2,52 € / el kilo;05/11/2019 01:17:00
6082545;05/11/2019;1,79 €;2,56 € / el kilo;05/11/2019 01:17:01
6080640;05/11/2019;1,99 €;4,42 € / el kilo;05/11/2019 01:17:01
6082553;05/11/2019;1,30 €;2,74 € / el kilo;05/11/2019 01:17:01
6080796;05/11/2019;2,15 €;4,78 € / el kilo;05/11/2019 01:17:01
6082683;05/11/2019;1,99 €;4,42 € / el kilo;05/11/2019 01:17:01
6082691;05/11/2019;0,63 €;1,26 € / el kilo;05/11/2019 01:17:01
6082681;05/11/2019;1,19 €;2,64 € / el kilo;05/11/2019 01:17:01
6082680;05/11/2019;2,45 €;6,36 € / el kilo;05/11/2019 01:17:01
6082679;05/11/2019;3,10 €;8,86 € / el kilo;05/11/2019 01:17:01
6080789;05/11/2019;1,99 €;4,42 € / el kilo;05/11/2019 01:17:01
6080711;05/11/2019;1,97 €;3,28 € / el kilo;05/11/2019 01:17:02
6082619;05/11/2019;1,99 €;4,42 € / el kilo;05/11/2019 01:17:02
6080716;05/11/2019;1,65 €;3,67 € / el kilo;05/11/2019 01:17:02
6082678;05/11/2019;1,25 €;2,60 € / el kilo;05/11/2019 01:17:02
1900172;05/11/2019;1,60 €;2,37 € / el kilo;05/11/2019 01:17:02
1900173;05/11/2019;1,54 €;1,93 € / el kilo;05/11/2019 01:17:02
1900165;05/11/2019;2,59 €;3,81 € / el kilo;05/11/2019 01:17:02
1900171;05/11/2019;2,59 €;3,81 € / el kilo;05/11/2019 01:17:02
1900168;05/11/2019;2,19 €;4,87 € / el kilo;05/11/2019 01:17:02
6082550;05/11/2019;1,99 €;4,42 € / el kilo;05/11/2019 01:17:03
6082687;05/11/2019;2,19 €;4,87 € / el kilo;05/11/2019 01:17:03
1900167;05/11/2019;2,19 €;4,87 € / el kilo;05/11/2019 01:17:03
1900160;05/11/2019;2,19 €;4,87 € / el kilo;05/11/2019 01:17:03
1900189;05/11/2019;2,59 €;3,81 € / el kilo;05/11/2019 01:17:03
1900190;05/11/2019;2,59 €;3,81 € / el kilo;05/11/2019 01:17:03
6895080;05/11/2019;1,99 €;8,29 € / el kilo;05/11/2019 01:17:10
6095703;05/11/2019;1,99 €;8,29 € / el kilo;05/11/2019 01:17:10
6082104;05/11/2019;1,65 €;5,50 € / el kilo;05/11/2019 01:17:10
6080766;05/11/2019;1,25 €;3,79 € / el kilo;05/11/2019 01:17:10
6080762;05/11/2019;1,69 €;5,63 € / el kilo;05/11/2019 01:17:10
6082087;05/11/2019;1,99 €;6,72 € / el kilo;05/11/2019 01:17:10
6082179;05/11/2019;0,79 €;2,63 € / el kilo;05/11/2019 01:17:10
6082183;05/11/2019;0,80 €;2,42 € / el kilo;05/11/2019 01:17:10
6082171;05/11/2019;0,79 €;2,63 € / el kilo;05/11/2019 01:17:11
6082172;05/11/2019;0,75 €;3,13 € / el kilo;05/11/2019 01:17:11
6082189;05/11/2019;1,59 €;5,13 € / el kilo;05/11/2019 01:17:11
6082188;05/11/2019;1,59 €;5,13 € / el kilo;05/11/2019 01:17:11
6082169;05/11/2019;1,59 €;6,85 € / el kilo;05/11/2019 01:17:11
6082164;05/11/2019;1,00 €;8,00 € / el kilo;05/11/2019 01:17:11
6082191;05/11/2019;1,25 €;5,56 € / el kilo;05/11/2019 01:17:11
6082165;05/11/2019;1,25 €;6,25 € / el kilo;05/11/2019 01:17:11
6082170;05/11/2019;1,09 €;3,52 € / el kilo;05/11/2019 01:17:11
1900159;05/11/2019;1,49 €;8,51 € / el kilo;05/11/2019 01:17:12
6092167;05/11/2019;1,64 €;2,19 € / el kilo;05/11/2019 01:17:18
6092162;05/11/2019;1,64 €;2,19 € / el kilo;05/11/2019 01:17:18
6092168;05/11/2019;1,64 €;2,19 € / el kilo;05/11/2019 01:17:19
6080847;05/11/2019;1,89 €;7,88 € / el kilo;05/11/2019 01:17:19
6080821;05/11/2019;1,89 €;7,88 € / el kilo;05/11/2019 01:17:19
6092144;05/11/2019;1,59 €;9,52 € / el kilo;05/11/2019 01:17:19
6091638;05/11/2019;1,78 €;6,59 € / el kilo;05/11/2019 01:17:19
6091639;05/11/2019;2,89 €;4,01 € / el kilo;05/11/2019 01:17:19
6092163;05/11/2019;0,75 €;2,78 € / el kilo;05/11/2019 01:17:19
6092166;05/11/2019;0,75 €;2,78 € / el kilo;05/11/2019 01:17:19
6092164;05/11/2019;0,75 €;2,78 € / el kilo;05/11/2019 01:17:19
6092178;05/11/2019;1,00 €;3,70 € / el kilo;05/11/2019 01:17:19
6092165;05/11/2019;0,75 €;2,78 € / el kilo;05/11/2019 01:17:20
6092148;05/11/2019;1,89 €;5,83 € / el kilo;05/11/2019 01:17:20
6092150;05/11/2019;2,99 €;4,61 € / el kilo;05/11/2019 01:17:20
6092149;05/11/2019;1,89 €;5,83 € / el kilo;05/11/2019 01:17:20
6092147;05/11/2019;1,89 €;6,56 € / el kilo;05/11/2019 01:17:20
6091608;05/11/2019;1,78 €;6,59 € / el kilo;05/11/2019 01:17:20
6090629;05/11/2019;2,89 €;4,01 € / el kilo;05/11/2019 01:17:20
6090639;05/11/2019;2,89 €;4,01 € / el kilo;05/11/2019 01:17:20
6090638;05/11/2019;1,78 €;6,59 € / el kilo;05/11/2019 01:17:20
6090628;05/11/2019;1,78 €;6,59 € / el kilo;05/11/2019 01:17:20
6092143;05/11/2019;3,65 €;14,04 € / el kilo;05/11/2019 01:17:21
6092179;05/11/2019;1,00 €;3,70 € / el kilo;05/11/2019 01:17:21
6090683;05/11/2019;1,49 €;12,42 € / el kilo;05/11/2019 01:17:28
6090695;05/11/2019;0,55 €;4,58 € / el kilo;05/11/2019 01:17:28
6090611;05/11/2019;1,00 €;8,33 € / el kilo;05/11/2019 01:17:28
6080876;05/11/2019;1,59 €;15,90 € / el kilo;05/11/2019 01:17:28
6080878;05/11/2019;1,59 €;15,90 € / el kilo;05/11/2019 01:17:28
6090698;05/11/2019;1,69 €;16,90 € / el kilo;05/11/2019 01:17:28
6090684;05/11/2019;1,57 €;15,70 € / el kilo;05/11/2019 01:17:28
6090987;05/11/2019;1,75 €;11,67 € / el kilo;05/11/2019 01:17:28
6090986;05/11/2019;1,85 €;12,33 € / el kilo;05/11/2019 01:17:28
6090990;05/11/2019;0,75 €;4,69 € / el kilo;05/11/2019 01:17:28
6097122;05/11/2019;1,25 €;3,13 € / el kilo;05/11/2019 01:17:29
6090991;05/11/2019;0,75 €;4,69 € / el kilo;05/11/2019 01:17:29
6090985;05/11/2019;3,00 €;20,00 € / el kilo;05/11/2019 01:17:29
6097650;05/11/2019;1,25 €;3,13 € / el kilo;05/11/2019 01:17:29
6090992;05/11/2019;0,59 €;2,62 € / el kilo;05/11/2019 01:17:29
6091952;05/11/2019;1,25 €;5,56 € / el kilo;05/11/2019 01:17:29
6090993;05/11/2019;0,59 €;2,62 € / el kilo;05/11/2019 01:17:29
6080886;05/11/2019;0,99 €;16,50 € / el kilo;05/11/2019 01:17:39
6080574;05/11/2019;0,85 €;13,71 € / el kilo;05/11/2019 01:17:39
6080569;05/11/2019;0,85 €;13,08 € / el kilo;05/11/2019 01:17:39
6080573;05/11/2019;0,85 €;15,18 € / el kilo;05/11/2019 01:17:39
6080828;05/11/2019;1,03 €;12,88 € / el kilo;05/11/2019 01:17:40
6080827;05/11/2019;1,03 €;12,88 € / el kilo;05/11/2019 01:17:40
6080556;05/11/2019;0,54 €;2,70 € / el kilo;05/11/2019 01:17:40
6080551;05/11/2019;1,25 €;8,33 € / el kilo;05/11/2019 01:17:40
6080550;05/11/2019;1,15 €;7,67 € / el kilo;05/11/2019 01:17:40
6080555;05/11/2019;0,45 €;1,80 € / el kilo;05/11/2019 01:17:40
6080554;05/11/2019;0,45 €;1,80 € / el kilo;05/11/2019 01:17:40
6080561;05/11/2019;1,60 €;11,43 € / el kilo;05/11/2019 01:17:40
6080548;05/11/2019;1,25 €;8,33 € / el kilo;05/11/2019 01:17:40
6080549;05/11/2019;1,15 €;7,67 € / el kilo;05/11/2019 01:17:40
6080557;05/11/2019;0,49 €;2,72 € / el kilo;05/11/2019 01:17:41
6080545;05/11/2019;1,45 €;17,06 € / el kilo;05/11/2019 01:17:41
6080544;05/11/2019;1,45 €;17,06 € / el kilo;05/11/2019 01:17:41
6080560;05/11/2019;0,85 €;15,45 € / el kilo;05/11/2019 01:17:41
6080575;05/11/2019;1,00 €;9,09 € / el kilo;05/11/2019 01:17:41
6080576;05/11/2019;1,00 €;9,09 € / el kilo;05/11/2019 01:17:41
1900163;05/11/2019;2,75 €;5,50 € / el kilo;05/11/2019 01:17:41
1900164;05/11/2019;2,75 €;5,50 € / el kilo;05/11/2019 01:17:41
1900162;05/11/2019;2,25 €;4,50 € / el kilo;05/11/2019 01:17:41
1900161;05/11/2019;2,90 €;9,67 € / el kilo;05/11/2019 01:17:42
1900181;05/11/2019;1,20 €;6,67 € / el kilo;05/11/2019 01:17:42
1900154;05/11/2019;1,35 €;3,38 € / el kilo;05/11/2019 01:17:42
1900153;05/11/2019;2,49 €;4,98 € / el kilo;05/11/2019 01:17:42
1900158;05/11/2019;3,99 €;9,98 € / el kilo;05/11/2019 01:17:42
6007020;06/11/2019;0,80 €;3,20 € / el kilo;06/11/2019 14:46:59
6007010;06/11/2019;0,45 €;4,50 € / el kilo;06/11/2019 14:46:59
6007372;06/11/2019;0,60 €;2,40 € / el kilo;06/11/2019 14:46:59
6007360;06/11/2019;0,60 €;2,61 € / el kilo;06/11/2019 14:46:59
6009230;06/11/2019;0,48 €;3,20 € / el kilo;06/11/2019 14:46:59
6009180;06/11/2019;0,45 €;7,50 € / el kilo;06/11/2019 14:47:00
6005095;06/11/2019;0,75 €;3,00 € / el kilo;06/11/2019 14:47:00
6009979;06/11/2019;1,43 €;5,96 € / el kilo;06/11/2019 14:47:00
6009252;06/11/2019;1,43 €;6,88 € / el kilo;06/11/2019 14:47:00
6007321;06/11/2019;0,63 €;6,30 € / el kilo;06/11/2019 14:47:00
6009149;06/11/2019;0,55 €;5,79 € / el kilo;06/11/2019 14:47:00
6072011;06/11/2019;3,25 €;6,50 € / el kilo;06/11/2019 14:47:00
9027072;06/11/2019;2,99 €;5,98 € / el kilo;06/11/2019 14:47:00
9401949;06/11/2019;2,99 €;5,98 € / el kilo;06/11/2019 14:47:00
9401950;06/11/2019;2,99 €;5,98 € / el kilo;06/11/2019 14:47:00
6072045;06/11/2019;3,25 €;6,50 € / el kilo;06/11/2019 14:47:01
6074463;06/11/2019;2,99 €;5,98 € / el kilo;06/11/2019 14:47:01
9401327;06/11/2019;3,25 €;6,50 € / el kilo;06/11/2019 14:47:01
6074288;06/11/2019;3,49 €;9,97 € / el kilo;06/11/2019 14:47:01
6074287;06/11/2019;3,49 €;9,97 € / el kilo;06/11/2019 14:47:01
9401908;06/11/2019;2,99 €;5,98 € / el kilo;06/11/2019 14:47:01
6072043;06/11/2019;3,25 €;6,50 € / el kilo;06/11/2019 14:47:01
9401948;06/11/2019;5,39 €;7,70 € / el kilo;06/11/2019 14:47:01
6082544;06/11/2019;1,89 €;4,20 € / el kilo;06/11/2019 14:47:12
6082542;06/11/2019;2,29 €;4,16 € / el kilo;06/11/2019 14:47:12
6082581;06/11/2019;1,52 €;6,08 € / el kilo;06/11/2019 14:47:12
6082557;06/11/2019;1,00 €;2,67 € / el kilo;06/11/2019 14:47:12
6082537;06/11/2019;2,29 €;5,09 € / el kilo;06/11/2019 14:47:12
6082564;06/11/2019;0,63 €;1,26 € / el kilo;06/11/2019 14:47:12
6082543;06/11/2019;2,64 €;8,80 € / el kilo;06/11/2019 14:47:12
6082541;06/11/2019;2,10 €;5,60 € / el kilo;06/11/2019 14:47:12
6082563;06/11/2019;1,30 €;2,89 € / el kilo;06/11/2019 14:47:12
6082540;06/11/2019;2,90 €;12,08 € / el kilo;06/11/2019 14:47:13
6080722;06/11/2019;1,89 €;4,11 € / el kilo;06/11/2019 14:47:13
6082575;06/11/2019;1,89 €;4,20 € / el kilo;06/11/2019 14:47:13
6082546;06/11/2019;1,89 €;2,52 € / el kilo;06/11/2019 14:47:13
6082545;06/11/2019;1,79 €;2,56 € / el kilo;06/11/2019 14:47:13
6080640;06/11/2019;1,99 €;4,42 € / el kilo;06/11/2019 14:47:13
6082553;06/11/2019;1,30 €;2,74 € / el kilo;06/11/2019 14:47:13
6080796;06/11/2019;2,15 €;4,78 € / el kilo;06/11/2019 14:47:13
6082683;06/11/2019;1,99 €;4,42 € / el kilo;06/11/2019 14:47:13
6082691;06/11/2019;0,63 €;1,26 € / el kilo;06/11/2019 14:47:14
6082681;06/11/2019;1,19 €;2,64 € / el kilo;06/11/2019 14:47:14
6082680;06/11/2019;2,45 €;6,36 € / el kilo;06/11/2019 14:47:14
6082679;06/11/2019;3,10 €;8,86 € / el kilo;06/11/2019 14:47:14
6080789;06/11/2019;1,99 €;4,42 € / el kilo;06/11/2019 14:47:14
6080711;06/11/2019;1,97 €;3,28 € / el kilo;06/11/2019 14:47:14
6082619;06/11/2019;1,99 €;4,42 € / el kilo;06/11/2019 14:47:14
6080716;06/11/2019;1,65 €;3,67 € / el kilo;06/11/2019 14:47:14
6082678;06/11/2019;1,25 €;2,60 € / el kilo;06/11/2019 14:47:14
1900172;06/11/2019;1,60 €;2,37 € / el kilo;06/11/2019 14:47:15
1900173;06/11/2019;1,54 €;1,93 € / el kilo;06/11/2019 14:47:15
1900165;06/11/2019;2,59 €;3,81 € / el kilo;06/11/2019 14:47:15
1900171;06/11/2019;2,59 €;3,81 € / el kilo;06/11/2019 14:47:15
1900168;06/11/2019;2,19 €;4,87 € / el kilo;06/11/2019 14:47:15
6082550;06/11/2019;1,99 €;4,42 € / el kilo;06/11/2019 14:47:15
6082687;06/11/2019;2,19 €;4,87 € / el kilo;06/11/2019 14:47:15
1900167;06/11/2019;2,19 €;4,87 € / el kilo;06/11/2019 14:47:15
1900160;06/11/2019;2,19 €;4,87 € / el kilo;06/11/2019 14:47:15
1900189;06/11/2019;2,59 €;3,81 € / el kilo;06/11/2019 14:47:16
1900190;06/11/2019;2,59 €;3,81 € / el kilo;06/11/2019 14:47:16
6895080;06/11/2019;1,99 €;8,29 € / el kilo;06/11/2019 14:47:23
6095703;06/11/2019;1,99 €;8,29 € / el kilo;06/11/2019 14:47:23
6082104;06/11/2019;1,65 €;5,50 € / el kilo;06/11/2019 14:47:23
6080766;06/11/2019;1,25 €;3,79 € / el kilo;06/11/2019 14:47:23
6080762;06/11/2019;1,69 €;5,63 € / el kilo;06/11/2019 14:47:23
6082087;06/11/2019;1,99 €;6,72 € / el kilo;06/11/2019 14:47:23
6082179;06/11/2019;0,79 €;2,63 € / el kilo;06/11/2019 14:47:23
6082183;06/11/2019;0,80 €;2,42 € / el kilo;06/11/2019 14:47:24
6082171;06/11/2019;0,79 €;2,63 € / el kilo;06/11/2019 14:47:24
6082172;06/11/2019;0,75 €;3,13 € / el kilo;06/11/2019 14:47:24
6082189;06/11/2019;1,59 €;5,13 € / el kilo;06/11/2019 14:47:24
6082188;06/11/2019;1,59 €;5,13 € / el kilo;06/11/2019 14:47:24
6082169;06/11/2019;1,59 €;6,85 € / el kilo;06/11/2019 14:47:24
6082164;06/11/2019;1,00 €;8,00 € / el kilo;06/11/2019 14:47:24
6082191;06/11/2019;1,25 €;5,56 € / el kilo;06/11/2019 14:47:24
6082165;06/11/2019;1,25 €;6,25 € / el kilo;06/11/2019 14:47:24
6082170;06/11/2019;1,09 €;3,52 € / el kilo;06/11/2019 14:47:24
1900159;06/11/2019;1,49 €;8,51 € / el kilo;06/11/2019 14:47:25
6092167;06/11/2019;1,64 €;2,19 € / el kilo;06/11/2019 14:47:32
6092162;06/11/2019;1,64 €;2,19 € / el kilo;06/11/2019 14:47:32
6092168;06/11/2019;1,64 €;2,19 € / el kilo;06/11/2019 14:47:32
6080847;06/11/2019;1,89 €;7,88 € / el kilo;06/11/2019 14:47:32
6080821;06/11/2019;1,89 €;7,88 € / el kilo;06/11/2019 14:47:32
6092144;06/11/2019;1,59 €;9,52 € / el kilo;06/11/2019 14:47:32
6091638;06/11/2019;1,78 €;6,59 € / el kilo;06/11/2019 14:47:32
6091639;06/11/2019;2,89 €;4,01 € / el kilo;06/11/2019 14:47:32
6092163;06/11/2019;0,75 €;2,78 € / el kilo;06/11/2019 14:47:33
6092166;06/11/2019;0,75 €;2,78 € / el kilo;06/11/2019 14:47:33
6092164;06/11/2019;0,75 €;2,78 € / el kilo;06/11/2019 14:47:33
6092178;06/11/2019;1,00 €;3,70 € / el kilo;06/11/2019 14:47:33
6092165;06/11/2019;0,75 €;2,78 € / el kilo;06/11/2019 14:47:33
6092148;06/11/2019;1,89 €;5,83 € / el kilo;06/11/2019 14:47:33
6092150;06/11/2019;2,99 €;4,61 € / el kilo;06/11/2019 14:47:33
6092149;06/11/2019;1,89 €;5,83 € / el kilo;06/11/2019 14:47:33
6092147;06/11/2019;1,89 €;6,56 € / el kilo;06/11/2019 14:47:33
6091608;06/11/2019;1,78 €;6,59 € / el kilo;06/11/2019 14:47:33
6090629;06/11/2019;2,89 €;4,01 € / el kilo;06/11/2019 14:47:34
6090639;06/11/2019;2,89 €;4,01 € / el kilo;06/11/2019 14:47:34
6090638;06/11/2019;1,78 €;6,59 € / el kilo;06/11/2019 14:47:34
6090628;06/11/2019;1,78 €;6,59 € / el kilo;06/11/2019 14:47:34
6092143;06/11/2019;3,65 €;14,04 € / el kilo;06/11/2019 14:47:34
6092179;06/11/2019;1,00 €;3,70 € / el kilo;06/11/2019 14:47:34
6090683;06/11/2019;1,49 €;12,42 € / el kilo;06/11/2019 14:47:41
6090695;06/11/2019;0,55 €;4,58 € / el kilo;06/11/2019 14:47:42
6090611;06/11/2019;1,00 €;8,33 € / el kilo;06/11/2019 14:47:42
6080876;06/11/2019;1,59 €;15,90 € / el kilo;06/11/2019 14:47:42
6080878;06/11/2019;1,59 €;15,90 € / el kilo;06/11/2019 14:47:42
6090698;06/11/2019;1,69 €;16,90 € / el kilo;06/11/2019 14:47:42
6090684;06/11/2019;1,57 €;15,70 € / el kilo;06/11/2019 14:47:42
6090987;06/11/2019;1,75 €;11,67 € / el kilo;06/11/2019 14:47:42
6090986;06/11/2019;1,85 €;12,33 € / el kilo;06/11/2019 14:47:42
6090990;06/11/2019;0,75 €;4,69 € / el kilo;06/11/2019 14:47:42
6097122;06/11/2019;1,25 €;3,13 € / el kilo;06/11/2019 14:47:43
6090991;06/11/2019;0,75 €;4,69 € / el kilo;06/11/2019 14:47:43
6090985;06/11/2019;3,00 €;20,00 € / el kilo;06/11/2019 14:47:43
6097650;06/11/2019;1,25 €;3,13 € / el kilo;06/11/2019 14:47:43
6090992;06/11/2019;0,59 €;2,62 € / el kilo;06/11/2019 14:47:43
6091952;06/11/2019;1,25 €;5,56 € / el kilo;06/11/2019 14:47:43
6090993;06/11/2019;0,59 €;2,62 € / el kilo;06/11/2019 14:47:43
6080886;06/11/2019;0,99 €;16,50 € / el kilo;06/11/2019 14:47:54
6080574;06/11/2019;0,85 €;13,71 € / el kilo;06/11/2019 14:47:54
6080569;06/11/2019;0,85 €;13,08 € / el kilo;06/11/2019 14:47:54
6080573;06/11/2019;0,85 €;15,18 € / el kilo;06/11/2019 14:47:54
6080543;06/11/2019;0,56 €;7,47 € / el kilo;06/11/2019 14:47:54
6080828;06/11/2019;1,03 €;12,88 € / el kilo;06/11/2019 14:47:54
6080827;06/11/2019;1,03 €;12,88 € / el kilo;06/11/2019 14:47:54
6080556;06/11/2019;0,54 €;2,70 € / el kilo;06/11/2019 14:47:54
6080551;06/11/2019;1,25 €;8,33 € / el kilo;06/11/2019 14:47:55
6080550;06/11/2019;1,15 €;7,67 € / el kilo;06/11/2019 14:47:55
6080555;06/11/2019;0,45 €;1,80 € / el kilo;06/11/2019 14:47:55
6080554;06/11/2019;0,45 €;1,80 € / el kilo;06/11/2019 14:47:55
6080561;06/11/2019;1,60 €;11,43 € / el kilo;06/11/2019 14:47:55
6080548;06/11/2019;1,25 €;8,33 € / el kilo;06/11/2019 14:47:55
6080549;06/11/2019;1,15 €;7,67 € / el kilo;06/11/2019 14:47:55
6080557;06/11/2019;0,49 €;2,72 € / el kilo;06/11/2019 14:47:55
6080545;06/11/2019;1,45 €;17,06 € / el kilo;06/11/2019 14:47:55
6080544;06/11/2019;1,45 €;17,06 € / el kilo;06/11/2019 14:47:56
6080560;06/11/2019;0,85 €;15,45 € / el kilo;06/11/2019 14:47:56
6080575;06/11/2019;1,00 €;9,09 € / el kilo;06/11/2019 14:47:56
6080576;06/11/2019;1,00 €;9,09 € / el kilo;06/11/2019 14:47:56
1900163;06/11/2019;2,75 €;5,50 € / el kilo;06/11/2019 14:47:56
1900164;06/11/2019;2,75 €;5,50 € / el kilo;06/11/2019 14:47:56
1900162;06/11/2019;2,25 €;4,50 € / el kilo;06/11/2019 14:47:56
1900161;06/11/2019;2,90 €;9,67 € / el kilo;06/11/2019 14:47:56
1900181;06/11/2019;1,20 €;6,67 € / el kilo;06/11/2019 14:47:56
1900154;06/11/2019;1,35 €;3,38 € / el kilo;06/11/2019 14:47:57
1900153;06/11/2019;2,49 €;4,98 € / el kilo;06/11/2019 14:47:57
1900158;06/11/2019;3,99 €;9,98 € / el kilo;06/11/2019 14:47:57
2260030;06/11/2019;5,95 €;5,95 €;06/11/2019 14:51:44
2260031;06/11/2019;5,95 €;5,95 €;06/11/2019 14:51:44
2259537;06/11/2019;4,95 €;4,95 €;06/11/2019 14:51:44
2259542;06/11/2019;4,95 €;4,95 €;06/11/2019 14:51:45
2259541;06/11/2019;4,95 €;4,95 €;06/11/2019 14:51:45
2259540;06/11/2019;4,95 €;4,95 €;06/11/2019 14:51:45
2259544;06/11/2019;4,95 €;4,95 €;06/11/2019 14:51:45
2259543;06/11/2019;4,95 €;4,95 €;06/11/2019 14:51:45
2257070;06/11/2019;4,95 €;4,95 €;06/11/2019 14:51:45
2257309;06/11/2019;5,95 €;5,95 €;06/11/2019 14:51:45
2256357;06/11/2019;4,95 €;4,95 €;06/11/2019 14:51:45
2257071;06/11/2019;4,95 €;4,95 €;06/11/2019 14:51:45
2257310;06/11/2019;5,95 €;5,95 €;06/11/2019 14:51:45
2259522;06/11/2019;7,95 €;7,95 €;06/11/2019 14:51:45
2259506;06/11/2019;7,95 €;7,95 €;06/11/2019 14:51:46
2258981;06/11/2019;4,95 €;4,95 €;06/11/2019 14:51:46
251360;06/11/2019;1,95 €;1,95 €;06/11/2019 14:51:53
247351;06/11/2019;1,95 €;1,95 €;06/11/2019 14:51:53
261205;06/11/2019;1,95 €;1,95 €;06/11/2019 14:51:53
247349;06/11/2019;1,95 €;1,95 €;06/11/2019 14:51:53
251965;06/11/2019;1,95 €;1,95 €;06/11/2019 14:51:53
2255894;06/11/2019;3,90 €;1,95 € / la unidad;06/11/2019 14:51:53
2255892;06/11/2019;3,90 €;1,95 € / la unidad;06/11/2019 14:51:53
2255893;06/11/2019;3,90 €;1,95 € / la unidad;06/11/2019 14:51:53
2255891;06/11/2019;3,90 €;1,95 € / la unidad;06/11/2019 14:51:53
256388;06/11/2019;1,95 €;1,95 €;06/11/2019 14:51:54
2560336;06/11/2019;1,35 €;1,35 €;06/11/2019 14:52:00
232061;06/11/2019;6,90 €;3,45 € / la unidad;06/11/2019 14:52:07
2560914;06/11/2019;3,80 €;0,95 € / la unidad;06/11/2019 14:52:07
2258453;06/11/2019;2,95 €;2,95 €;06/11/2019 14:52:07
254364;06/11/2019;3,95 €;0,99 € / la unidad;06/11/2019 14:52:07
254365;06/11/2019;3,95 €;0,99 € / la unidad;06/11/2019 14:52:07
251362;06/11/2019;1,95 €;1,95 €;06/11/2019 14:52:08
2260630;06/11/2019;1,50 €;1,50 €;06/11/2019 14:52:08
206227;06/11/2019;3,95 €;3,95 €;06/11/2019 14:52:08
206224;06/11/2019;3,95 €;1,98 € / la unidad;06/11/2019 14:52:08
206225;06/11/2019;4,75 €;2,38 € / la unidad;06/11/2019 14:52:08
2560906;06/11/2019;3,80 €;0,95 € / la unidad;06/11/2019 14:52:08
2255008;06/11/2019;0,85 €;0,21 € / la unidad;06/11/2019 14:52:08
249222;06/11/2019;7,85 €;0,65 € / la unidad;06/11/2019 14:52:08
249223;06/11/2019;7,85 €;0,65 € / la unidad;06/11/2019 14:52:08
2254938;06/11/2019;0,85 €;0,21 € / la unidad;06/11/2019 14:52:08
2258603;06/11/2019;1,90 €;0,95 € / la unidad;06/11/2019 14:52:09
2255358;06/11/2019;1,90 €;0,95 € / la unidad;06/11/2019 14:52:09
206543;06/11/2019;4,50 €;4,50 €;06/11/2019 14:52:19
2259850;06/11/2019;1,50 €;0,30 € / la unidad;06/11/2019 14:52:19
2259280;06/11/2019;1,00 €;1,00 €;06/11/2019 14:52:19
234773;06/11/2019;1,20 €;0,60 € / la unidad;06/11/2019 14:52:19
1931453;06/11/2019;3,25 €;3,25 €;06/11/2019 14:52:19
2264380;06/11/2019;4,25 €;4,25 €;06/11/2019 14:52:19
2257182;06/11/2019;1,15 €;1,15 €;06/11/2019 14:52:19
225821;06/11/2019;0,80 €;0,80 €;06/11/2019 14:52:19
225823;06/11/2019;0,80 €;0,80 €;06/11/2019 14:52:20
253465;06/11/2019;1,30 €;1,30 €;06/11/2019 14:52:20
2250818;06/11/2019;0,90 €;0,90 €;06/11/2019 14:52:20
253467;06/11/2019;0,75 €;0,75 €;06/11/2019 14:52:20
253468;06/11/2019;0,75 €;0,75 €;06/11/2019 14:52:20
253466;06/11/2019;1,30 €;1,30 €;06/11/2019 14:52:20
2259749;06/11/2019;1,60 €;1,60 €;06/11/2019 14:52:20
2259748;06/11/2019;1,60 €;1,60 €;06/11/2019 14:52:20
233848;06/11/2019;2,40 €;0,48 € / la unidad;06/11/2019 14:52:20
234646;06/11/2019;2,40 €;0,48 € / la unidad;06/11/2019 14:52:20
249133;06/11/2019;2,20 €;0,55 € / la unidad;06/11/2019 14:52:21
249135;06/11/2019;2,20 €;0,55 € / la unidad;06/11/2019 14:52:21
200822;06/11/2019;0,85 €;0,43 € / la unidad;06/11/2019 14:52:21
200823;06/11/2019;0,65 €;0,16 € / la unidad;06/11/2019 14:52:21
2261229;06/11/2019;1,99 €;1,99 €;06/11/2019 14:52:21
2259106;06/11/2019;6,95 €;6,95 €;06/11/2019 14:52:21
201899;06/11/2019;4,95 €;4,95 €;06/11/2019 14:52:21
209337;06/11/2019;6,95 €;6,95 €;06/11/2019 14:52:21
242121;06/11/2019;7,25 €;3,63 € / la unidad;06/11/2019 14:52:21
1880764;06/11/2019;4,25 €;21,25 € / el litro;06/11/2019 14:52:28
253035;06/11/2019;1,90 €;0,03 € / el metro;06/11/2019 14:52:28
253034;06/11/2019;1,90 €;0,03 € / el metro;06/11/2019 14:52:28
240549;06/11/2019;4,25 €;4,25 €;06/11/2019 14:52:28
201661;06/11/2019;4,99 €;9,98 € / el litro;06/11/2019 14:52:28
2254109;06/11/2019;3,95 €;3,95 € / el litro;06/11/2019 14:52:29
4680435;06/11/2019;1,68 €;0,34 € / el litro;06/11/2019 14:52:29
212686;06/11/2019;3,99 €;3,99 €;06/11/2019 14:52:29
217426;06/11/2019;2,50 €;2,50 €;06/11/2019 14:52:29
204971;06/11/2019;6,45 €;12,40 € / el litro;06/11/2019 14:52:29
201464;06/11/2019;4,95 €;4,95 € / el litro;06/11/2019 14:52:29
2730991;06/11/2019;1,10 €;0,01 € / la unidad;06/11/2019 14:52:39
2730988;06/11/2019;0,60 €;0,00 € / la unidad;06/11/2019 14:52:39
2730993;06/11/2019;0,66 €;0,00 € / la unidad;06/11/2019 14:52:39
2730992;06/11/2019;0,96 €;0,00 € / la unidad;06/11/2019 14:52:39
2730987;06/11/2019;0,99 €;0,01 € / la unidad;06/11/2019 14:52:40
2730989;06/11/2019;0,50 €;0,00 € / la unidad;06/11/2019 14:52:40
2798186;06/11/2019;1,00 €;0,33 € / la unidad;06/11/2019 14:52:40
2798184;06/11/2019;1,00 €;0,50 € / la unidad;06/11/2019 14:52:40
2798187;06/11/2019;1,00 €;0,33 € / la unidad;06/11/2019 14:52:40
2798158;06/11/2019;3,19 €;1,06 € / la unidad;06/11/2019 14:52:40
2259274;06/11/2019;1,00 €;0,01 € / la unidad;06/11/2019 14:52:40
256094;06/11/2019;0,90 €;0,04 € / la unidad;06/11/2019 14:52:40
256091;06/11/2019;1,05 €;0,04 € / la unidad;06/11/2019 14:52:40
256093;06/11/2019;0,90 €;0,04 € / la unidad;06/11/2019 14:52:40
256092;06/11/2019;0,90 €;0,04 € / la unidad;06/11/2019 14:52:41
2263749;06/11/2019;1,00 €;0,08 € / la unidad;06/11/2019 14:52:41
2264143;06/11/2019;1,99 €;1,99 €;06/11/2019 14:52:41
2264147;06/11/2019;1,75 €;1,75 €;06/11/2019 14:52:41
2262171;06/11/2019;2,60 €;2,60 €;06/11/2019 14:52:41
2262172;06/11/2019;3,15 €;3,15 €;06/11/2019 14:52:41
256097;06/11/2019;1,66 €;0,07 € / la unidad;06/11/2019 14:52:41
2264292;06/11/2019;1,00 €;1,00 €;06/11/2019 14:52:41
256096;06/11/2019;1,15 €;0,05 € / la unidad;06/11/2019 14:52:41
256095;06/11/2019;1,20 €;0,05 € / la unidad;06/11/2019 14:52:41
2262170;06/11/2019;2,95 €;2,95 €;06/11/2019 14:52:41
201518;06/11/2019;0,85 €;0,02 € / la unidad;06/11/2019 14:52:42
2263553;06/11/2019;1,00 €;0,04 € / la unidad;06/11/2019 14:52:42
2263304;06/11/2019;3,95 €;0,08 € / la unidad;06/11/2019 14:52:42
1806308;06/11/2019;1,30 €;0,03 € / la unidad;06/11/2019 14:52:48
2752140;06/11/2019;1,10 €;0,03 € / la unidad;06/11/2019 14:52:49
2262041;06/11/2019;14,95 €;14,95 €;06/11/2019 14:52:49
2751812;06/11/2019;5,95 €;5,95 €;06/11/2019 14:52:49
217865;06/11/2019;1,30 €;0,43 € / la unidad;06/11/2019 14:52:56
257133;06/11/2019;0,90 €;0,09 € / la unidad;06/11/2019 14:52:56
257128;06/11/2019;1,00 €;0,33 € / la unidad;06/11/2019 14:52:56
257111;06/11/2019;2,15 €;0,72 € / la unidad;06/11/2019 14:52:56
256461;06/11/2019;2,10 €;0,70 € / la unidad;06/11/2019 14:52:56
2261982;06/11/2019;3,95 €;1,32 € / el kilo;06/11/2019 14:52:56
2261978;06/11/2019;3,25 €;1,08 € / el kilo;06/11/2019 14:52:56
2261979;06/11/2019;5,25 €;1,05 € / el kilo;06/11/2019 14:52:56
2262611;06/11/2019;1,25 €;0,04 € / la unidad;06/11/2019 14:52:56
2263175;06/11/2019;2,98 €;2,98 € / el litro;06/11/2019 14:52:57
2263947;06/11/2019;1,95 €;1,95 € / el litro;06/11/2019 14:52:57
4890330;06/11/2019;0,05 €;0,05 €;06/11/2019 14:53:04
2264142;06/11/2019;0,10 €;0,10 €;06/11/2019 14:53:04
2261899;06/11/2019;0,15 €;0,15 €;06/11/2019 14:53:04
2262175;06/11/2019;1,95 €;0,49 € / la unidad;06/11/2019 14:53:04
2263970;06/11/2019;0,59 €;0,59 €;06/11/2019 14:53:04
2263969;06/11/2019;0,59 €;0,59 €;06/11/2019 14:53:04
4890336;06/11/2019;0,59 €;0,59 €;06/11/2019 14:53:04
421395;06/11/2019;2,99 €;2,99 €;06/11/2019 14:53:11
421394;06/11/2019;2,99 €;2,99 €;06/11/2019 14:53:11
429006;06/11/2019;3,99 €;3,99 €;06/11/2019 14:53:11
429008;06/11/2019;3,99 €;3,99 €;06/11/2019 14:53:11
175717;06/11/2019;4,99 €;1,66 € / la unidad;06/11/2019 14:53:11
175718;06/11/2019;4,99 €;1,66 € / la unidad;06/11/2019 14:53:11
